7,122886,5.0,1451817862
15,1,4.0,1137894004
17,1,5.0,944991567
23,1,5.0,1378675311
23,95510,4.5,1378675965
28,1,4.0,1098785105
34,1,3.0,1086265275
34,95510,4.0,1378675967
37,1,4.5,1227401937
40,1,4.0,869044457
47,1,4.0,1150032907
50,1,4.0,951519605
56,1,3.0,861786289
57,1,2.0,1433167964
58,1,4.0,952806763
59,1,3.0,1299676341
64,1,3.0,902067237
66,1,5.0,1152584198
75,1,5.0,1121052525
85,1,4.0,849461424
90,1,3.0,835129525
94,1,5.0,1209154070
99,1,4.5,1226089249
106,1,2.5,1295946064
107,1,4.0,859221089
114,1,3.0,1003525836
115,1,4.5,1407966676
116,1,4.0,850484305
120,1,4.0,1445112264
120,95510,2.0,1445116310
120,122886,4.5,1450909908
122,1,4.5,1097345490
129,1,5.0,1007270252
135,1,5.0,1281955343
137,1,5.0,1093551268
150,1,4.0,834427355
155,1,4.5,1215044429
158,1,4.0,832704217
160,1,4.0,1442396176
164,1,3.5,1386481295
168,95510,4.0,1402537149
176,95510,4.0,1425302867
178,1,2.5,1119481409
178,122886,5.0,1453994593
183,1,3.5,1431843017
187,1,4.0,884092167
188,95510,5.0,1398742896
199,1,4.0,956721007
208,1,2.0,1431040474
210,1,5.0,835553502
212,1,1.5,1240701520
216,1,5.0,866570221
217,1,4.0,1135899236
222,1,4.0,943636385
226,1,4.5,1152058807
227,1,1.5,1320591261
235,1,2.0,943173667
237,122886,4.5,1451485906
241,1,5.0,1100790324
244,1,3.0,1443903100
251,1,3.0,854756026
256,1,5.0,958686933
257,1,4.0,1168863272
258,1,5.0,853498335
259,1,3.5,1127590095
261,1,4.5,1313154689
269,1,2.0,1113381525
272,1,5.0,953238436
275,1,3.0,1430154702
277,1,5.0,1173344821
282,1,4.5,1104651768
285,1,2.5,1437003788
293,1,2.0,1154295000
294,1,3.0,866104074
296,1,5.0,832496950
302,1,1.0,1439699395
303,1,5.0,833143832
304,1,4.0,975012894
309,1,3.0,1201364101
310,1,5.0,846940105
313,1,4.0,876073714
317,1,4.0,832179433
319,1,4.0,885668517
321,1,3.0,848353675
322,1,5.0,974730227
326,1,4.0,827098665
328,1,5.0,1437542259
330,1,3.0,849966632
340,1,5.0,1438575984
340,122886,5.0,1438578892
341,1,5.0,847966987
345,1,5.0,852890348
351,1,3.0,1331586042
352,1,1.0,877178568
355,1,4.0,1112330467
361,1,4.0,828219986
365,1,5.0,949609295
366,1,4.0,1159829440
368,1,5.0,945096943
373,1,4.0,1152227484
382,1,4.0,865787489
383,1,4.5,1433187410
386,1,5.0,856140548
388,1,5.0,1425044553
390,1,3.0,834373124
391,1,4.0,997818998
393,1,5.0,945327027
394,1,4.0,902344663
399,95510,1.5,1438204423
400,95510,4.0,1373633351
401,1,3.0,857214192
403,1,4.0,1299982013
404,1,4.0,881081638
407,1,5.0,1118263959
414,1,3.5,1200849144
432,1,4.0,1075441976
447,1,3.0,1262391692
448,1,1.0,1152401859
451,1,4.5,1220909024
461,1,5.0,938749090
462,95510,3.5,1405612614
465,1,1.0,848346073
470,1,5.0,852893110
472,1,4.0,1452577449
476,1,5.0,986062968
479,1,2.5,1289361509
481,1,4.0,849525683
484,1,3.0,866205577
486,1,5.0,945554857
493,95510,4.0,1400669523
495,1,4.5,1127082904
497,1,2.0,835353692
505,1,5.0,851953776
506,1,0.5,1439251080
508,1,1.0,1203241298
523,1,3.0,1129644995
531,1,3.0,1236751323
534,1,2.5,1161153456
537,1,5.0,847343819
538,1,4.0,906130980
542,1,3.0,852724034
544,1,4.0,1005327104
547,1,4.0,853353104
550,1,4.0,941564190
551,95510,4.0,1421459570
553,1,3.0,861028482
558,1,4.0,997210288
564,1,5.0,944444614
565,1,5.0,848942656
568,1,4.0,1440613588
575,1,3.5,1111474754
580,1,4.0,1450421319
584,1,5.0,975779953
586,1,4.5,1272934435
593,1,4.5,1432857163
596,1,4.0,1119133226
598,1,4.0,1452494128
598,95510,2.5,1452594285
598,122886,4.0,1452492869
599,1,3.0,1008026422
604,1,5.0,847668786
606,1,5.0,974682581
607,95510,5.0,1417528062
609,1,3.5,1184271414
612,1,5.0,834110486
613,1,3.5,1139944431
614,1,4.0,1284727580
615,1,3.0,833551049
616,1,5.0,1183694256
617,1,3.0,1342922178
625,1,5.0,830470837
627,1,2.5,1383629375
632,1,4.0,1430669327
635,1,3.5,1239061440
639,1,2.0,1443239579
649,1,5.0,834515385
651,1,4.5,1122694769
655,1,5.0,943987332
656,1,3.0,1019288151
665,122886,5.0,1450476233
668,1,3.0,834696760
670,1,5.0,1111758437
674,1,5.0,1137032753
675,1,4.0,978240041
683,1,5.0,1111479066
686,1,4.0,911989600
696,1,3.5,1243879223
698,1,3.0,1441035304
700,1,5.0,856025307
703,1,5.0,847583652
706,1,4.0,1308565301
707,1,4.0,1201390571
716,1,2.5,1427622171
718,1,5.0,828025178
722,1,4.0,1225293466
726,1,4.0,1378222053
728,1,5.0,1190442071
735,1,5.0,832709468
741,1,3.0,847289056
742,1,4.0,864219711
748,1,4.5,1159239053
750,1,5.0,938977143
757,1,4.0,1439505877
759,1,4.0,874983794
761,1,4.5,1109368891
764,1,4.0,860795630
768,1,4.0,1100149417
769,1,3.0,1217520213
771,1,1.0,868820899
774,1,2.0,1099357840
778,1,4.0,1111495076
779,1,4.0,884974620
782,1,4.0,859866144
784,1,4.5,1224203024
793,1,4.0,1377445662
793,95510,4.5,1379868967
799,1,4.5,1440059755
800,1,4.0,1437019610
805,1,5.0,1225267890
807,1,4.5,1361089159
815,1,4.5,1136800269
815,95510,3.0,1353044880
815,120799,2.5,1443805419
815,122886,4.0,1450563615
820,1,3.0,1445467946
821,1,4.0,1069118704
823,1,4.0,846970667
834,1,5.0,854289748
840,1,4.0,976577609
844,1,3.0,847306392
850,1,5.0,914083886
852,1,1.0,1440115383
856,1,5.0,1167076704
857,1,4.0,852277405
858,1,4.0,860869525
860,1,4.0,952375516
863,1,5.0,860326456
867,1,4.0,1264629520
868,1,4.0,866208258
871,1,5.0,858096378
874,1,0.5,1413324944
883,1,3.0,853783537
885,1,3.5,1139323960
889,1,3.5,1219216127
893,1,4.0,1173160516
899,1,4.0,1067213714
904,1,4.0,1214164681
906,1,4.0,859058372
910,1,2.0,1237040660
916,1,2.5,1431487478
923,1,4.0,848414908
927,1,3.5,1106346154
928,1,4.0,988771930
929,1,4.0,1010424398
930,1,3.0,945052341
938,1,5.0,1286739891
939,1,4.0,1094466089
952,1,4.0,1443128330
953,1,3.0,850790377
961,1,3.0,900717009
965,1,4.0,974665848
966,1,5.0,829924492
967,1,4.0,1286492768
967,102716,3.5,1399059402
969,1,5.0,1039457181
974,1,5.0,1000968142
986,1,3.5,1122656087
990,1,4.0,883262440
991,1,4.0,1159238089
994,1,2.0,846862229
996,1,4.0,834063806
1005,1,4.0,834442330
1006,1,4.0,962088211
1008,1,2.0,869524077
1009,1,4.0,854616418
1011,1,4.0,1445801652
1011,95510,3.5,1445801652
1011,122886,3.5,1452474989
1013,1,3.5,1172705882
1017,1,5.0,1448326480
1018,1,5.0,966904109
1019,1,5.0,862560261
1021,1,4.0,1115115031
1026,1,3.0,1030664017
1028,1,4.0,1435085352
1036,1,3.0,832558451
1037,1,5.0,834484822
1040,1,3.0,1309321099
1040,95510,2.5,1360553087
1041,1,3.0,866786595
1045,1,5.0,833154255
1046,1,3.0,1299006015
1047,1,3.0,977605721
1048,1,3.0,1057896704
1055,1,5.0,1433326372
1060,1,4.0,1276553939
1063,1,4.0,994429272
1066,1,4.0,915213512
1072,1,5.0,864098144
1080,1,4.0,849372027
1081,1,4.0,981782240
1087,1,5.0,863875773
1091,1,5.0,828168361
1095,1,5.0,857554803
1101,95510,4.0,1435675772
1102,1,5.0,851032811
1107,1,3.0,1171988083
1108,1,5.0,861536491
1109,1,3.5,1159541616
1110,1,3.0,850688537
1112,1,2.5,1273153674
1115,1,4.0,1263345646
1118,1,4.0,1111492089
1126,1,3.5,1079794421
1130,1,0.5,1246793380
1132,122886,3.5,1452596594
1134,1,5.0,1067442709
1140,1,4.0,1439776197
1143,1,4.0,1436730775
1146,1,5.0,1069039578
1147,1,3.0,1002435658
1152,1,2.5,1275371750
1157,1,4.0,875059436
1158,1,1.0,1444597138
1160,1,5.0,1440014227
1160,102716,3.5,1448994190
1160,120799,3.0,1448994186
1162,1,5.0,854024004
1163,1,5.0,938737549
1167,1,5.0,829491546
1168,1,3.0,833108507
1170,95510,4.0,1421521826
1171,1,4.0,1042489513
1172,1,4.0,1051119293
1174,1,5.0,847264512
1175,1,5.0,960349295
1176,1,4.0,869140459
1177,1,4.0,1002068578
1182,1,4.5,1452683778
1182,95510,3.5,1452682703
1182,122886,4.0,1452682736
1184,1,4.0,1037233320
1198,1,5.0,865357857
1200,1,2.0,946886078
1202,1,4.0,857491570
1204,1,4.5,1098587352
1204,95510,2.5,1386557349
1206,1,3.0,902681802
1207,1,4.5,1399452670
1207,95510,4.0,1399453929
1209,1,3.0,1443845044
1209,95510,2.5,1443845157
1209,122886,3.5,1452360401
1211,1,4.0,947718448
1213,1,3.0,947907983
1221,1,1.0,865097115
1223,1,4.0,949073159
1225,1,1.0,855777795
1230,1,4.0,862560705
1237,1,1.0,862184201
1238,1,2.0,1112091606
1241,1,5.0,860449437
1245,1,4.0,834056934
1250,1,3.0,1087963220
1255,1,3.0,1275286003
1256,1,3.5,1142685586
1265,1,3.0,868752541
1282,1,5.0,846497234
1291,1,5.0,847645986
1292,1,5.0,962593444
1300,1,2.0,1204729125
1301,1,3.0,1170159982
1303,1,4.0,975098627
1311,1,3.0,856461387
1314,1,4.0,849544161
1321,1,5.0,1432493803
1324,1,4.0,1284946107
1343,1,4.0,1177940827
1348,1,3.0,1162995979
1352,95510,3.0,1450029927
1356,1,4.0,849625463
1361,1,5.0,1048355870
1371,1,5.0,1446399980
1374,1,5.0,995043257
1386,1,4.0,834498103
1388,1,4.0,1304511817
1393,1,5.0,946612217
1398,1,4.0,1202813348
1399,1,3.5,1348536651
1400,1,4.0,983050226
1402,1,3.0,1328867142
1403,1,4.0,1272745588
1410,1,5.0,856707854
1411,1,2.5,1439787317
1414,1,4.0,1219031138
1419,1,5.0,1112034126
1425,1,3.0,858460059
1428,1,5.0,857634483
1429,1,5.0,854740032
1435,1,4.0,1005627595
1438,1,2.0,846977975
1440,1,5.0,863986745
1442,1,3.0,858079413
1443,1,4.0,1111830451
1444,1,5.0,852735475
1445,1,4.5,1265547224
1447,1,3.0,867564595
1449,1,3.5,1240248490
1457,1,4.0,867856878
1459,1,5.0,848175451
1468,1,5.0,855664124
1479,1,5.0,834072137
1486,1,5.0,1208254024
1488,1,5.0,996033125
1492,1,4.0,945312860
1502,1,4.0,1449256173
1502,120799,2.5,1449255903
1503,1,5.0,1451886064
1506,1,5.0,976150101
1513,1,3.5,1111941095
1519,1,3.0,1279970724
1520,1,5.0,827997073
1531,1,5.0,939724131
1546,1,5.0,977851099
1549,1,2.0,852459466
1551,1,5.0,948843847
1557,1,5.0,1139540995
1562,1,3.0,1209417957
1571,1,4.0,852396885
1572,1,2.0,1435183205
1573,1,5.0,1425663612
1573,95510,4.0,1427834541
1573,102716,4.0,1427589787
1577,1,2.5,1172439786
1579,1,4.0,1089514980
1580,1,4.0,1098270767
1583,1,5.0,835065625
1585,1,1.5,1441731282
1590,1,1.5,1224030326
1591,1,3.0,1436782462
1592,1,2.5,1441032047
1595,1,3.0,857223612
1598,1,4.0,937350533
1599,1,4.0,939995334
1606,1,2.0,831803741
1607,1,5.0,968203850
1608,1,5.0,1439394719
1614,1,1.0,1287802781
1615,1,3.0,1229626289
1619,1,4.0,851672300
1621,1,2.0,1043239078
1625,1,4.0,1359323381
1625,95510,3.5,1359317360
1629,1,4.5,1159202555
1631,1,5.0,831814009
1632,1,5.0,851424255
1635,1,1.0,1000870232
1641,1,4.0,854193005
1643,1,2.0,1190148594
1644,1,4.0,833962926
1646,1,5.0,868628266
1650,1,3.0,850235988
1652,1,5.0,975200372
1662,1,4.0,1385554668
1663,122886,3.0,1453314485
1664,1,2.5,1444768304
1664,120799,3.0,1444768647
1667,1,4.5,1279445078
1669,1,3.5,1279915824
1669,95510,4.0,1341692175
1669,122886,3.5,1450450774
1671,1,2.5,1247745416
1675,1,4.5,1424086263
1675,122886,4.0,1424177631
1682,1,4.0,1439793188
1686,1,4.0,962856202
1691,1,5.0,1263511772
1695,1,4.0,1120357081
1700,1,5.0,848317430
1704,1,4.0,834002641
1713,1,3.0,860400661
1714,1,5.0,958138096
1716,95510,3.5,1393161884
1718,1,4.0,867724665
1722,102716,3.5,1399581570
1735,120799,3.0,1440801412
1737,1,4.0,1069724588
1741,1,4.0,833891171
1742,1,3.5,1095136349
1744,1,5.0,854209791
1748,1,5.0,1204500130
1750,1,3.0,1441046298
1751,1,4.0,867007555
1754,1,3.5,1115903328
1757,1,4.5,1446503714
1757,120799,2.5,1446593250
1765,1,4.0,1315806519
1766,1,4.0,880800355
1770,1,3.0,832876975
1773,1,5.0,829608422
1774,1,4.0,975538937
1775,1,4.0,1433894030
1778,1,5.0,956587366
1780,1,5.0,865515049
1782,1,5.0,943219904
1787,1,5.0,850569036
1792,1,5.0,1021257480
1809,1,3.0,962743974
1817,1,5.0,851593224
1824,1,5.0,974781635
1828,1,4.0,938027734
1834,1,4.0,904668701
1839,1,1.0,1439756244
1840,1,4.0,863640692
1847,1,3.0,1442854897
1848,1,5.0,1437173458
1848,95510,4.0,1437174862
1853,1,5.0,852744175
1856,1,3.0,955409218
1858,1,3.0,1042148490
1873,1,4.0,1029986056
1877,1,2.5,1440272012
1889,1,4.0,1405193625
1889,102716,3.5,1405212829
1891,1,4.0,832350223
1895,1,4.0,1022049906
1898,1,3.0,1305221066
1901,1,4.0,862699049
1907,1,5.0,1330203934
1914,1,5.0,1179203166
1916,1,3.0,1263413641
1930,1,3.5,1436384457
1931,1,5.0,849956502
1933,1,4.0,834575025
1937,1,2.5,1435885297
1938,1,4.0,1231219829
1945,1,5.0,941472734
1950,1,5.0,974679130
1950,95510,4.0,1345383253
1950,122886,4.5,1451797404
1951,1,5.0,835094918
1954,1,2.0,874395561
1956,1,5.0,1161502500
1959,1,4.5,1262560972
1961,1,3.0,862569853
1966,1,5.0,1298803617
1971,1,4.5,1180419295
1972,1,3.0,833008993
1975,1,3.0,1182953646
1978,1,5.0,867063712
1980,1,4.0,1447594754
1986,95510,4.0,1373313369
1988,1,4.0,867401453
1992,1,5.0,1100214752
2001,1,3.0,1169037186
2002,1,3.0,992382059
2003,122886,4.0,1453093469
2007,1,4.0,958276121
2014,1,4.0,1239114875
2018,1,4.0,978542339
2020,1,5.0,835146601
2024,1,4.0,829321240
2032,1,3.0,853174775
2038,1,4.0,1178676020
2039,1,5.0,834188195
2040,1,3.0,864416343
2055,1,3.5,1136409629
2065,1,3.0,1000701582
2068,1,5.0,831670267
2071,1,4.0,852298481
2073,1,5.0,833731709
2078,95510,3.5,1440269017
2088,1,3.5,1208080048
2093,1,5.0,835786246
2099,1,4.0,850356112
2100,1,3.5,1166740307
2103,1,4.0,1175070577
2104,1,5.0,851160879
2106,1,4.0,1142546851
2108,1,4.0,1176147682
2108,95510,3.5,1435255533
2115,1,5.0,1194406247
2119,1,4.0,854607837
2121,1,4.0,944032046
2128,1,3.0,1131768664
2129,1,4.0,879288273
2130,1,4.0,1149781951
2132,1,4.0,1245362465
2135,1,4.5,1111533517
2141,1,2.0,1443893606
2142,1,4.0,1322374150
2145,1,4.0,1068156972
2146,1,3.0,938774620
2148,1,4.0,861986917
2150,1,3.0,850669692
2153,1,5.0,1281215475
2157,1,5.0,1438891023
2160,1,5.0,1442947554
2160,95510,4.5,1442948316
2160,122886,4.0,1442948800
2161,1,3.0,1437052883
2164,1,3.0,1288704020
2169,1,4.5,1421357468
2171,1,4.5,1443578581
2172,1,4.0,1441930237
2174,1,3.0,1310089995
2176,1,4.0,1036207136
2182,1,5.0,833406523
2183,1,4.5,1181840692
2191,1,3.5,1346206627
2191,95510,3.5,1344671214
2191,102716,5.0,1392258382
2191,120799,3.0,1441173982
2191,122886,5.0,1451809104
2204,1,5.0,875957580
2206,1,3.0,1196957049
2213,1,3.0,1138909428
2214,1,4.0,1142898830
2221,1,4.5,1190334578
2228,1,4.0,1299229493
2232,1,4.5,1271626733
2236,1,3.0,866887956
2244,95510,2.5,1394131874
2245,1,4.0,1129331397
2257,1,5.0,862653787
2260,1,4.0,878724841
2264,1,5.0,1176107482
2265,1,3.0,850695780
2266,1,3.0,1374549414
2278,1,4.0,1117379058
2281,1,3.5,1165639386
2289,1,5.0,833829473
2294,1,4.0,833137578
2295,1,3.0,1163329686
2296,1,3.0,984003367
2298,122886,5.0,1451161276
2301,1,4.0,1351987467
2305,1,4.0,942200625
2310,1,5.0,979959231
2311,1,4.0,858747002
2313,1,5.0,1431941746
2314,1,2.5,1429454659
2317,1,5.0,849937056
2324,1,4.0,939630133
2328,1,4.0,948835117
2332,1,4.0,851701632
2337,1,4.0,855391174
2338,1,5.0,832349819
2340,1,5.0,945116108
2351,1,3.0,1111583716
2362,1,4.0,1445395490
2364,1,3.0,833893599
2372,1,5.0,1013568295
2375,1,3.0,1089192626
2379,1,5.0,1037225125
2387,1,4.0,1042837515
2391,1,3.0,1444491720
2397,1,4.0,1010901185
2400,1,5.0,848770791
2402,1,4.0,945061229
2403,1,3.0,850852543
2404,1,3.5,1136400686
2404,95510,3.0,1443729112
2412,1,3.0,965267242
2418,1,3.0,1192402584
2421,1,2.0,974704143
2422,1,5.0,879439535
2424,1,4.5,1340213818
2427,120799,2.5,1453493465
2429,1,5.0,1091419793
2432,1,3.0,1037826148
2437,1,3.0,862565631
2438,122886,5.0,1450787849
2439,1,4.0,994814164
2446,1,4.0,1224749276
2448,1,5.0,846426223
2451,1,3.5,1438737939
2452,1,2.5,1445340824
2452,95510,2.0,1445340792
2452,102716,3.0,1445340788
2458,1,5.0,854088331
2463,1,4.5,1266033192
2470,1,2.5,1199299006
2473,1,4.0,1209036211
2482,1,5.0,835338247
2484,1,3.0,1206968276
2487,1,4.0,1097966923
2496,1,3.0,1436205307
2506,1,3.0,868058818
2514,95510,4.0,1353722288
2515,1,3.5,1104893925
2520,1,4.0,1200180153
2523,1,5.0,849524974
2525,1,3.0,832412419
2530,1,4.0,1310001410
2532,1,3.0,866108439
2533,1,4.0,868293188
2546,1,1.0,861123267
2549,1,5.0,857504667
2557,1,3.0,940105073
2559,1,4.5,1079896839
2560,1,3.5,1053700296
2563,95510,1.0,1342858729
2569,1,4.0,1447102131
2569,95510,4.5,1447411499
2569,102716,5.0,1447787878
2569,120799,5.0,1447101940
2570,1,5.0,947098765
2573,1,4.0,851949309
2576,1,5.0,828814756
2581,1,4.0,1130873033
2583,1,4.0,1111483292
2584,1,4.0,1032655059
2587,1,4.0,1119009869
2594,1,3.5,1158444629
2595,1,5.0,830374847
2596,1,3.5,1357591685
2598,1,2.5,1435611392
2611,1,3.0,862944013
2613,122886,0.5,1452893767
2622,1,4.0,1015790555
2625,1,4.0,1111495466
2627,1,3.0,854786371
2629,1,3.5,1255302718
2635,1,4.0,830857680
2636,1,4.0,1112456874
2646,1,1.0,938882084
2650,1,4.0,851090253
2655,1,3.5,1129581571
2658,1,4.0,831318104
2671,1,3.5,1446728374
2676,1,3.5,1229955303
2677,1,3.0,1284991817
2687,1,3.0,863092608
2697,1,3.5,1265578020
2699,1,5.0,961312213
2702,1,4.0,979830975
2711,1,3.0,983926863
2713,1,4.0,869580805
2726,1,3.0,1293710206
2726,122886,3.5,1450556573
2727,1,4.5,1147203275
2730,1,5.0,848417407
2741,1,5.0,1083684296
2745,1,3.0,1171064261
2752,1,4.0,1165463841
2755,1,5.0,858857463
2758,1,2.0,879098333
2760,1,2.0,859983160
2762,1,4.0,1435805838
2764,1,4.0,860964039
2770,1,4.0,1204247480
2777,1,5.0,864100605
2783,1,3.0,1441240363
2787,95510,3.5,1446744981
2787,102716,5.0,1446646860
2787,120799,2.5,1446625136
2791,1,4.5,1372738057
2794,1,4.0,1122933433
2795,1,4.0,1081176757
2796,1,4.0,847804126
2797,1,4.0,861098523
2798,1,2.0,1278399729
2801,1,4.0,859923016
2804,1,3.0,938909009
2805,1,4.0,852303685
2814,1,4.0,1435686974
2814,95510,3.5,1446742728
2816,1,2.0,1206242358
2823,1,4.5,1394694063
2824,1,4.5,1451737515
2824,102716,3.5,1436312431
2824,120799,3.0,1436782865
2824,122886,4.5,1451736390
2828,122886,5.0,1453817713
2839,1,4.0,985757339
2843,1,2.0,939045984
2845,1,2.5,1123388119
2848,1,5.0,832710621
2849,1,3.0,857662616
2850,1,4.0,1272575217
2854,1,4.0,1439752325
2854,95510,4.0,1439756661
2854,102716,4.0,1439754196
2858,1,5.0,1171882896
2859,1,4.0,847354518
2863,95510,3.5,1445396216
2863,122886,3.5,1445197331
2864,1,3.5,1444337510
2868,1,3.0,1445369981
2869,1,4.0,954181292
2871,1,4.5,1322579532
2883,95510,3.0,1427047180
2884,1,5.0,1441645317
2885,1,4.0,961693490
2887,1,5.0,954644663
2888,1,3.5,1214861055
2897,1,4.0,850198802
2898,1,4.0,1404662604
2902,1,3.0,834063928
2910,1,4.0,1111568859
2912,1,3.0,860223807
2916,1,5.0,952535860
2921,102716,0.5,1450030150
2926,1,4.0,863260818
2927,1,4.0,833886364
2928,1,3.0,860050096
2929,1,4.0,1254180225
2933,1,2.5,1097595232
2935,1,4.0,863009840
2936,1,5.0,831229539
2938,1,5.0,831038527
2941,1,5.0,1136560954
2942,1,4.0,940704779
2943,1,3.0,867176314
2944,1,4.5,1286406337
2945,1,5.0,940438183
2948,1,4.0,919422938
2949,1,2.0,965325954
2950,1,3.0,1262157212
2957,122886,4.0,1453781271
2958,1,4.0,984605749
2959,1,4.0,994273349
2961,1,4.0,1135172342
2962,1,4.0,860313710
2964,1,4.0,1267424782
2969,1,4.0,1122122308
2972,1,5.0,1076305311
2973,1,4.0,1452240931
2978,95510,5.0,1451629817
2982,1,4.0,1207978380
2987,1,4.0,1440693748
2991,1,4.0,1404720634
2994,1,4.5,1319468505
2995,1,4.0,853717178
2997,1,4.0,976503300
2998,1,4.0,1071431498
2999,1,4.0,1106551525
3006,1,4.0,834140744
3013,1,4.0,956706639
3014,1,4.0,1033586981
3019,1,4.0,849072245
3021,1,3.0,832783453
3022,1,5.0,858422072
3025,1,3.0,1153303082
3029,1,5.0,855750957
3031,1,3.5,1232102324
3035,1,5.0,1439778682
3038,1,1.0,847539452
3039,1,3.0,1433095622
3040,1,4.0,1036810500
3041,1,4.0,865414534
3045,1,4.0,862576701
3051,1,3.0,1370610512
3058,1,4.5,1221430834
3062,1,4.0,1439943488
3063,1,1.5,1219142343
3067,1,5.0,1229380651
3071,1,5.0,866494272
3074,95510,4.0,1445257354
3074,120799,3.5,1446362323
3076,1,4.0,832582347
3081,1,5.0,828615281
3086,1,4.0,853173027
3087,1,4.5,1113932755
3089,1,4.0,938885243
3092,1,3.0,853788208
3099,1,4.0,851542768
3102,1,4.5,1143003260
3106,1,4.0,834652704
3112,1,4.5,1124014730
3114,1,4.0,851416533
3116,1,1.5,1451250586
3116,122886,3.5,1451255095
3125,1,5.0,962663249
3127,1,5.0,966354426
3130,1,1.0,1441741715
3133,1,4.0,982277547
3137,1,5.0,835455777
3138,1,5.0,1425060466
3139,1,4.0,941395858
3141,1,3.0,861376226
3143,1,5.0,1111476456
3153,1,4.0,974782504
3158,1,4.5,1092109888
3160,1,5.0,847554855
3165,1,3.0,1213937751
3166,1,3.0,866634103
3167,1,3.0,1210200090
3168,1,4.0,832932597
3172,1,5.0,1380847292
3176,1,5.0,976980054
3185,1,3.0,852796359
3186,1,2.5,1217720054
3195,1,4.0,1111982709
3204,1,4.0,833517187
3206,1,3.5,1346414854
3206,95510,3.5,1364790981
3208,1,4.0,989722088
3209,1,4.0,951929384
3210,1,3.0,855587814
3218,1,4.0,1115520170
3219,95510,4.0,1382456824
3220,1,4.0,944959198
3221,1,3.0,833169729
3229,1,4.0,857738482
3234,1,3.5,1112418239
3238,1,1.5,1272119549
3240,120799,3.0,1446303246
3240,122886,4.0,1451474115
3244,1,5.0,1005717845
3255,1,2.5,1302709832
3257,1,5.0,1182656017
3262,1,4.0,849281767
3269,1,3.5,1135721104
3271,1,3.5,1108498340
3272,1,4.0,860156234
3274,1,4.0,867274099
3276,1,5.0,854998476
3281,1,4.0,1172385215
3285,1,4.5,1122570430
3288,1,1.5,1446773470
3289,1,5.0,1275534422
3295,1,4.0,984545443
3296,1,3.0,832478477
3301,1,4.0,1434475312
3304,1,4.0,1431649848
3307,1,4.0,1112415574
3309,1,4.0,1439472215
3309,95510,4.0,1439473862
3309,122886,3.0,1453904205
3314,1,4.0,945309397
3316,1,4.0,1210794175
3337,1,4.0,988256519
3338,1,5.0,955547682
3340,1,4.5,1229851359
3343,1,5.0,959903433
3344,1,3.5,1416701709
3344,95510,3.0,1416700093
3347,1,5.0,1089016929
3355,1,5.0,1060568130
3356,1,3.5,1424197135
3358,1,3.0,1231030405
3358,122886,4.0,1452439828
3359,1,3.5,1432131722
3361,1,5.0,989815611
3364,1,5.0,867920295
3365,1,4.0,1005874451
3366,1,4.0,1444120229
3367,1,3.5,1194658047
3368,1,1.0,949626848
3380,1,4.5,1179950421
3381,1,3.0,832135391
3388,1,4.5,1331067946
3388,95510,3.0,1355301766
3390,1,5.0,835536718
3392,1,4.0,1137265074
3402,1,4.0,852208748
3408,1,3.0,981791855
3411,1,2.5,1274987620
3415,1,3.5,1199607897
3416,1,2.0,833727799
3418,1,4.0,865988218
3420,1,3.0,1219531699
3421,120799,3.5,1448398361
3423,1,3.0,856338101
3429,1,4.0,1002646086
3434,1,4.0,1430598804
3437,1,5.0,855030247
3438,1,5.0,955145939
3439,1,4.5,1115502132
3442,1,3.0,1436324482
3445,1,4.0,1081881632
3449,1,4.0,855242393
3459,1,3.0,846643948
3463,1,4.0,949468527
3465,1,4.0,834052550
3470,1,5.0,1112474253
3472,1,5.0,1202885924
3475,1,4.0,1385830489
3494,1,4.0,867273615
3496,1,3.0,860510935
3507,1,5.0,830373794
3508,95510,4.0,1445376746
3509,1,4.0,1438051949
3510,1,3.5,1156565326
3511,1,2.5,1440957884
3512,1,5.0,869555251
3518,1,4.0,857844493
3520,1,4.0,1011562295
3527,1,4.5,1137475585
3529,1,5.0,1046978572
3533,1,3.0,1133000025
3533,95510,2.0,1361588134
3534,1,4.5,1435422617
3539,1,3.0,1237916388
3540,1,5.0,882379412
3551,1,4.0,863313267
3559,1,4.0,1046581173
3573,1,4.0,891444206
3583,1,4.0,833792884
3591,1,5.0,826643071
3594,1,4.0,851705445
3596,1,2.0,1180856936
3611,1,4.0,1274385248
3625,1,3.0,868033103
3627,1,3.0,833032049
3629,1,4.0,1439781069
3632,1,4.5,1264810529
3634,122886,4.0,1450758795
3642,1,3.0,847621410
3644,1,4.0,1225239001
3645,1,4.0,852105387
3647,1,4.0,932303816
3648,1,4.5,1111483438
3654,1,4.0,944344616
3656,1,4.0,939057515
3657,1,4.0,1441366052
3667,1,5.0,1449364250
3668,1,2.0,1149696759
3675,1,5.0,1440266135
3676,1,2.5,1111828714
3683,1,4.0,1197319758
3684,1,5.0,860084596
3686,1,3.0,1015304265
3693,1,5.0,834596087
3699,1,3.0,1103343994
3699,95510,3.0,1347086014
3712,1,4.0,993496208
3714,1,3.0,866674163
3715,1,4.0,1091356758
3720,1,4.0,940658552
3721,1,4.0,862652804
3722,1,5.0,1165786844
3725,1,3.0,830979666
3729,1,5.0,833984643
3734,1,5.0,975608685
3734,95510,3.0,1341716415
3734,122886,4.0,1451184605
3736,1,4.0,1006268554
3744,1,5.0,962555395
3745,1,3.5,1298093186
3759,1,4.0,885953581
3761,1,3.0,868207049
3762,1,5.0,962865651
3767,1,5.0,834942369
3768,95510,3.5,1356282882
3772,1,5.0,849632024
3775,1,5.0,835826282
3783,1,4.0,850378011
3784,1,4.0,834385717
3791,1,3.0,1111549653
3793,1,4.5,1170154692
3797,1,5.0,833555750
3801,1,4.0,1225243846
3804,1,4.0,1323252972
3805,1,5.0,853663626
3807,1,4.0,861373363
3810,1,5.0,1190540944
3811,1,4.0,1127892383
3812,1,3.0,847847923
3817,1,4.0,1008878048
3820,1,4.0,1108629076
3826,1,5.0,875209799
3827,1,4.0,850929496
3829,1,3.5,1176443520
3835,1,4.5,1196735772
3837,1,3.0,1430917854
3838,95510,3.5,1378241846
3843,1,3.0,975975854
3844,1,5.0,866117217
3845,1,4.0,1257079850
3847,1,4.0,863357318
3848,1,1.0,854813220
3850,1,5.0,1210857891
3854,1,3.0,865767783
3864,1,4.0,863084073
3865,1,4.0,850970983
3867,122886,4.0,1453624395
3872,1,5.0,957428036
3880,122886,3.5,1453509101
3881,1,5.0,852143409
3883,1,3.5,1063679003
3884,1,4.0,849354769
3889,122886,4.0,1450642429
3893,1,3.5,1125513251
3895,1,3.5,1446413180
3895,95510,3.5,1446501306
3895,120799,3.0,1446503051
3895,122886,4.5,1451495152
3899,1,5.0,940582034
3906,1,4.0,862701537
3915,1,5.0,835786211
3918,1,4.0,962470170
3922,1,5.0,835477530
3923,1,4.5,1115849898
3925,1,3.5,1239404464
3932,1,3.5,1134443054
3933,95510,3.0,1446423055
3934,1,5.0,994018490
3945,1,5.0,1424736173
3946,1,5.0,874766615
3952,1,2.0,1047828987
3957,1,5.0,833650734
3959,1,2.0,1304578040
3962,1,3.0,1437922994
3962,95510,3.5,1437924074
3963,1,4.0,1370149370
3966,1,5.0,1281987070
3971,1,2.0,901929069
3976,1,4.5,1436279589
3976,120799,2.5,1436279751
3978,1,5.0,947197003
3981,1,5.0,833410757
3983,1,3.0,850925897
3987,1,4.5,1377441114
3992,1,3.0,868793348
3995,1,3.5,1385865565
3997,1,3.5,1360125644
4005,1,4.0,833458296
4008,1,2.0,1047478168
4009,1,4.5,1132505290
4011,1,4.0,1385198563
4011,122886,4.0,1451831695
4015,1,5.0,1440034945
4017,1,4.0,996279995
4021,1,4.5,1077640600
4024,1,2.0,900956212
4025,1,4.0,940516699
4030,1,4.0,1425228353
4033,1,3.0,862579033
4035,1,5.0,1007271831
4036,95510,3.0,1353177899
4037,1,4.0,960831827
4039,1,5.0,857921823
4046,1,3.0,1431821372
4068,1,4.0,1351240625
4070,1,3.0,1025670067
4071,1,5.0,866419940
4072,1,4.0,860588875
4079,1,2.0,1307503663
4082,1,5.0,963182374
4086,1,4.0,924405766
4089,1,4.0,848649150
4095,1,4.5,1135710468
4099,1,5.0,1058207746
4101,1,5.0,957480017
4102,1,4.0,1145557845
4104,1,5.0,850838160
4105,1,4.0,1434787485
4105,95510,5.0,1434788251
4107,1,4.0,974771592
4110,1,3.0,1109465924
4113,1,3.0,864865795
4115,1,5.0,994781919
4118,122886,5.0,1452547130
4119,1,4.0,1452373419
4119,122886,5.0,1452373103
4121,1,4.0,1230784191
4122,1,4.0,1333143643
4123,1,5.0,957829126
4132,1,4.5,1134445512
4137,1,4.0,847740593
4139,1,3.0,1440429582
4143,1,4.5,1440832836
4145,1,3.0,1111592039
4148,1,3.0,869592369
4150,122886,4.0,1447624180
4151,1,4.0,846596589
4155,1,4.0,1212158473
4160,1,4.0,834041434
4168,1,3.0,852578401
4174,1,5.0,1442021149
4177,1,4.0,1025293538
4178,1,3.0,853935260
4183,1,5.0,861263632
4186,1,5.0,910427878
4190,1,3.0,862583432
4193,1,4.0,1431839543
4194,1,3.5,1447951646
4196,1,4.0,834660524
4201,1,5.0,940085190
4202,1,3.5,1211767973
4208,1,4.0,1017601866
4208,95510,3.0,1341456037
4208,102716,3.5,1373167114
4208,120799,3.0,1435931484
4208,122886,3.0,1450646370
4214,1,3.0,864216295
4222,1,5.0,847001909
4226,1,4.5,1135141687
4228,1,4.0,850146440
4232,1,4.0,1035301317
4234,1,4.5,1056053891
4237,1,5.0,831646585
4241,1,5.0,1259524110
4245,1,4.0,1105062082
4257,120799,3.0,1445202809
4263,1,3.0,976547171
4272,1,3.0,943281403
4275,1,4.0,942170649
4276,1,5.0,832876421
4279,1,1.0,1018491812
4280,1,3.5,1181289138
4280,95510,4.5,1341772525
4282,1,4.0,1083018728
4283,1,4.0,975200860
4284,1,4.0,1086187056
4292,1,3.5,1130472659
4295,1,3.0,852122027
4301,102716,4.0,1439763814
4302,1,3.0,912093380
4310,1,2.5,1216922532
4312,1,5.0,864466999
4315,1,4.0,1001511566
4320,95510,5.0,1380250925
4321,1,4.0,1442310930
4325,1,5.0,1190264866
4328,1,3.0,945873247
4331,1,4.0,834401997
4334,1,5.0,1270793731
4339,1,5.0,855401156
4344,1,3.0,855485888
4350,1,5.0,1098737091
4351,1,5.0,959400585
4358,1,3.0,1086907070
4363,1,3.0,869442167
4366,1,3.0,858309109
4368,1,5.0,947568848
4372,1,2.0,1161245883
4378,1,4.0,831206428
4383,1,3.0,859417528
4390,1,5.0,834282320
4392,1,4.0,938910621
4395,1,3.0,1437075826
4401,1,5.0,1031882138
4406,1,4.0,831702038
4415,1,4.5,1268551466
4419,1,5.0,1000555828
4421,1,3.5,1113683257
4428,1,2.0,1277186389
4428,95510,5.0,1356808289
4428,122886,5.0,1436116457
4433,1,3.0,1257536807
4435,1,3.5,1440889309
4437,1,5.0,855066463
4439,1,4.0,855240336
4441,1,4.5,1432317295
4448,1,4.5,1308088118
4449,1,5.0,1194841628
4450,1,3.0,1144307603
4451,1,4.0,1245530577
4452,1,3.0,861643150
4457,1,3.0,850491503
4458,1,4.0,1168190015
4460,1,3.0,1007767217
4466,1,4.0,862611603
4468,1,4.0,853840529
4470,1,4.5,1442491512
4470,95510,4.5,1442491595
4476,1,3.5,1132595332
4479,1,5.0,851556272
4482,1,5.0,856766518
4483,1,4.0,853371010
4493,1,5.0,964653457
4496,1,3.0,1315170243
4498,1,2.5,1397653835
4503,1,5.0,938809930
4512,1,3.0,1051835790
4519,1,5.0,850734460
4522,1,5.0,1240085350
4523,1,4.0,833916767
4525,1,5.0,946439759
4528,1,5.0,1043143597
4534,1,5.0,1013451593
4535,1,4.0,951028439
4538,1,5.0,858164367
4542,1,5.0,829416286
4545,1,1.5,1446079022
4550,1,5.0,833524830
4551,1,3.5,1274378196
4556,102716,3.5,1432802883
4558,1,4.0,1415737377
4561,1,5.0,1089400715
4562,1,5.0,1285700986
4563,1,3.5,1380914547
4564,1,3.0,901393112
4565,1,3.0,1154437863
4566,1,5.0,866927429
4572,1,2.5,1168811005
4576,1,3.0,994629755
4578,1,3.5,1113347151
4585,1,4.0,974324272
4586,1,4.5,1421168752
4586,122886,4.0,1451844868
4596,1,5.0,853847617
4603,1,3.0,1303061017
4603,122886,3.5,1452537135
4604,1,5.0,1116818532
4607,1,2.0,857529651
4618,1,5.0,961806079
4619,1,4.5,1346207815
4624,1,4.0,965420706
4628,1,4.0,1111473665
4629,1,4.0,1139693240
4631,122886,4.0,1450564391
4635,1,4.0,1444691419
4638,1,5.0,1286787494
4639,1,5.0,830945283
4644,1,4.0,1042393092
4649,1,5.0,867272610
4653,1,4.0,858984829
4655,1,4.0,1010163242
4663,1,5.0,1245236238
4663,95510,3.5,1376151467
4663,102716,3.5,1376151856
4664,1,3.0,1111491264
4673,1,4.5,1238553583
4675,1,5.0,1288601401
4678,1,4.0,1211525486
4679,1,4.0,831568648
4680,1,3.0,858276400
4681,1,1.0,856966990
4684,1,3.0,1197541362
4697,1,4.5,1175542052
4698,1,5.0,852398702
4706,1,4.5,1206238225
4714,1,4.5,1373461404
4718,1,4.0,1322738174
4724,1,3.0,901307621
4725,1,5.0,939801066
4726,1,4.0,846620302
4733,1,4.5,1093612269
4733,122886,4.0,1453030711
4739,1,4.0,865259533
4741,1,4.0,1223341803
4743,1,4.0,1368850624
4743,95510,4.0,1368848619
4746,1,5.0,1328977239
4748,1,5.0,997641168
4752,1,2.0,1431838466
4754,1,4.0,949718594
4758,1,4.0,961141370
4762,1,3.0,1125268436
4766,1,5.0,854922711
4768,1,3.0,830634008
4774,1,5.0,1045098031
4775,1,3.5,1239524956
4778,1,4.0,1292729901
4779,1,5.0,1320197633
4781,1,3.0,1114735483
4784,1,3.5,1210476856
4789,1,3.5,1120965845
4792,1,5.0,973286187
4793,1,5.0,846857622
4794,1,1.5,1154037653
4797,1,4.0,866568473
4798,1,4.0,850666121
4799,1,2.0,1141265777
4804,1,1.0,1440683972
4810,1,4.0,1119559267
4811,95510,5.0,1392950174
4813,1,2.0,953766646
4818,1,4.0,1233489084
4818,95510,3.0,1442708871
4823,1,4.5,1065491622
4825,1,3.0,857175539
4827,1,5.0,1366831110
4833,1,2.5,1097538511
4834,1,5.0,1011453220
4837,1,3.0,1274910816
4838,1,5.0,856799443
4840,1,5.0,945647558
4844,1,3.0,980735486
4845,1,4.0,974782170
4847,1,4.0,1159953092
4849,1,4.5,1104939397
4851,1,3.0,852137740
4852,1,5.0,1439937920
4852,102716,0.5,1439938275
4855,1,4.0,852643256
4859,95510,4.5,1368036396
4861,1,5.0,977249416
4865,1,3.0,938785230
4872,1,4.0,862890633
4873,1,4.0,1381465611
4879,1,3.0,1062989201
4885,1,3.5,1303848595
4885,95510,4.0,1344823675
4896,1,4.0,965255163
4903,1,3.5,1166219238
4904,95510,5.0,1412337202
4905,1,5.0,958414730
4906,1,5.0,954735122
4910,1,3.0,867298140
4920,1,4.0,1116527268
4925,1,4.0,865258282
4938,1,3.5,1226772011
4938,120799,3.0,1445789122
4947,1,3.5,1177633283
4955,1,4.5,1299162654
4963,1,3.0,832683256
4973,1,3.0,1168291544
4975,1,3.0,1165963372
4980,1,3.0,1190663879
4985,1,5.0,852429018
4987,1,3.5,1441987511
4989,1,5.0,1011548005
4991,1,3.0,851066259
4992,1,4.0,1240018275
4994,1,4.0,829719379
4996,1,3.5,1436037991
4997,1,4.0,1240937644
5002,95510,3.5,1425283542
5004,1,3.0,860247299
5005,1,5.0,848706017
5024,1,3.5,1148940455
5025,95510,3.5,1424140323
5025,102716,4.0,1424140643
5028,1,4.0,1043014552
5031,1,3.0,1452654776
5031,122886,5.0,1452654702
5035,1,3.0,1440620447
5036,95510,3.0,1432181101
5037,1,4.5,1108950021
5038,1,4.0,992072722
5039,1,4.0,864038200
5040,1,4.0,1435049202
5040,95510,4.0,1434963755
5040,120799,4.0,1436715563
5040,122886,5.0,1450559074
5042,1,5.0,832333642
5045,1,5.0,1028940907
5048,1,4.0,1225304790
5057,1,5.0,862557025
5058,1,4.0,1134325470
5068,1,1.0,1432741224
5073,1,4.0,851501012
5077,1,5.0,865126994
5079,1,4.0,1292580724
5081,1,5.0,976055820
5084,1,5.0,1005121198
5089,1,4.0,942428093
5097,1,4.0,860351511
5100,1,4.0,1374810617
5104,1,2.0,975220910
5108,95510,3.5,1343582570
5110,1,4.0,880975616
5117,1,4.0,835833339
5121,1,3.5,1111524915
5129,1,4.0,976347032
5131,1,3.0,1279567619
5133,1,3.0,1187567390
5133,95510,2.5,1369966309
5133,120799,2.5,1445827847
5133,122886,4.5,1450988327
5134,1,3.5,1201380957
5137,1,4.5,1223128274
5141,1,4.0,1112818572
5149,1,3.0,835619032
5159,1,3.0,1449014873
5159,122886,2.5,1453924770
5165,1,4.0,1091334260
5167,1,4.0,946321183
5171,1,4.0,1024359975
5172,1,4.0,1043852470
5195,1,4.0,939516433
5199,1,4.5,1068420419
5206,1,5.0,830179399
5207,1,4.0,1155576172
5212,1,5.0,1431614346
5213,1,5.0,1001534298
5215,1,4.0,1443758401
5216,1,5.0,949709436
5217,1,2.0,879351130
5224,1,2.0,1139735437
5233,1,4.5,1437774641
5235,1,5.0,1100633882
5247,1,4.5,1451089910
5252,1,4.0,859900102
5257,1,5.0,1318004071
5264,1,2.0,857174116
5268,1,5.0,858179568
5269,95510,2.5,1358785472
5271,1,3.0,1115488796
5274,1,3.0,1071514639
5276,1,4.0,1440856464
5278,1,3.5,1436349183
5278,120799,3.0,1436349252
5283,1,5.0,828218841
5294,1,4.0,845223274
5295,1,5.0,861544361
5302,1,4.0,1199957608
5304,1,4.0,940934524
5309,1,5.0,945039751
5324,1,5.0,1120015920
5326,1,4.5,1074631187
5326,95510,4.0,1382010341
5327,1,4.5,1220873900
5336,1,4.0,1451249897
5336,122886,3.5,1451249145
5338,1,4.0,1218721984
5339,1,3.0,1214369109
5343,1,3.0,1111253764
5345,1,3.0,1320851161
5348,1,4.0,1432336397
5354,1,2.0,1190893432
5362,1,3.0,866528922
5369,1,3.5,1266360022
5375,1,4.0,891821362
5379,1,5.0,858098326
5392,1,4.5,1231217332
5394,1,4.0,868100600
5396,1,3.0,857840353
5401,1,4.0,847323965
5402,1,5.0,946086603
5405,1,3.0,1442909160
5421,1,4.0,1260910493
5425,95510,1.0,1424309249
5434,1,4.0,866254101
5436,1,4.0,1159955426
5445,1,1.5,1201293886
5448,1,3.0,835512222
5458,122886,4.5,1429553826
5462,95510,3.5,1438194396
5468,1,5.0,1279295648
5473,1,3.5,1448551019
5474,1,4.0,1074805420
5484,1,2.5,1301570401
5492,1,0.5,1438132720
5495,1,5.0,993336346
5509,1,3.0,967306792
5517,1,5.0,939801780
5518,1,4.5,1112661836
5519,1,3.5,1442521203
5520,120799,3.5,1436072219
5521,1,5.0,834259299
5528,1,4.0,1241001940
5531,1,3.0,1088363613
5535,1,3.0,863634585
5536,1,4.0,852212373
5543,1,5.0,1140999116
5547,1,4.0,1122485671
5547,95510,4.0,1352381382
5549,1,4.5,1436000479
5557,1,3.0,862158015
5560,1,3.0,1210631985
5563,1,5.0,855006725
5565,1,4.0,862343376
5576,1,4.0,974771889
5580,1,4.0,851685319
5584,1,4.5,1158657979
5588,1,4.5,1444616119
5603,1,5.0,974309291
5608,1,4.0,1201037920
5614,1,4.0,892215929
5617,95510,5.0,1380080519
5620,1,4.0,1424723252
5623,1,4.0,852315913
5630,1,3.5,1418140535
5630,95510,2.0,1417399191
5631,1,4.0,848867955
5632,1,5.0,833550748
5634,1,3.0,851338812
5637,1,3.0,975625123
5645,1,5.0,867626944
5658,1,4.5,1148121545
5659,1,4.0,1330126127
5664,1,3.0,1078884351
5673,1,5.0,1048599062
5674,1,5.0,965879765
5676,1,4.0,1344557828
5678,1,4.0,1213134800
5680,1,4.5,1419524003
5684,1,4.5,1152600205
5687,1,3.0,849653662
5692,1,3.5,1431279378
5694,1,4.0,848199348
5704,1,3.0,855485703
5716,1,5.0,1117099489
5725,1,3.5,1319142475
5727,1,4.5,1166104295
5729,1,1.0,1192568189
5730,1,4.0,835730535
5735,1,3.0,1076159503
5742,1,4.0,859829355
5744,1,5.0,877111870
5747,1,4.0,945479602
5748,1,4.5,1124734196
5754,1,5.0,965442324
5763,1,2.5,1247352720
5766,1,4.0,850435142
5783,1,3.5,1225567614
5784,1,4.0,900710011
5786,1,4.5,1097584445
5788,1,4.0,1426467329
5789,1,3.0,855607394
5795,1,3.0,831127543
5801,1,5.0,859852321
5813,1,4.0,951071469
5819,1,4.0,864771365
5820,1,5.0,934713460
5824,1,3.0,1201499771
5825,1,4.0,860494629
5830,1,4.0,1246044206
5833,1,3.0,1117095971
5835,1,5.0,834785685
5839,1,4.0,860500082
5846,1,4.0,1441412743
5847,1,5.0,996279243
5852,1,4.0,1443018666
5852,95510,3.0,1443707002
5855,1,3.0,1279481081
5856,1,3.0,1180565538
5857,1,2.5,1123076005
5861,1,4.5,1132503296
5868,1,4.5,1073677438
5870,1,4.0,1441666612
5874,1,4.0,956446889
5876,1,3.0,1239649832
5878,1,4.5,1127279391
5886,1,3.5,1074642454
5887,1,5.0,969050515
5888,1,4.0,865091594
5893,1,2.0,1440092970
5902,1,5.0,958528257
5905,1,3.0,1154735364
5909,1,3.5,1215988506
5912,1,5.0,1054236782
5913,1,4.0,847369593
5916,1,4.0,853176011
5917,1,4.5,1352534803
5919,1,4.0,1016758901
5921,1,2.0,862472352
5922,1,5.0,1006298888
5931,1,5.0,1182988222
5932,1,4.0,943207370
5933,95510,4.0,1375746287
5935,1,4.0,832916269
5936,1,3.0,1442714082
5943,1,4.5,1236898181
5948,1,5.0,950293458
5949,1,3.5,1222133644
5956,1,5.0,1043132825
5960,1,4.0,981417283
5963,1,5.0,975536349
5964,1,5.0,938872274
5966,1,5.0,869333670
5969,1,5.0,953947570
5971,1,3.5,1234269859
5973,1,3.0,867767898
5978,1,4.0,849973789
5980,1,4.0,994280416
5986,1,4.0,1139454400
5989,95510,3.5,1427610485
5991,1,5.0,833577143
5993,1,4.0,858537967
5994,1,4.0,1161009797
5998,1,4.0,1195410977
6001,1,3.0,866398875
6002,1,2.0,863213381
6005,95510,2.5,1345925151
6008,1,4.0,862490836
6009,1,4.0,866050740
6010,1,5.0,1024512239
6012,1,1.5,1160437375
6015,1,4.0,1217420349
6022,1,5.0,978405936
6035,1,4.0,1447260997
6035,95510,1.5,1447262980
6042,1,2.5,1312612282
6047,1,5.0,852813311
6055,1,4.0,1182444689
6057,1,3.0,860734423
6058,1,5.0,961892162
6059,1,5.0,867244031
6065,1,5.0,1437720053
6065,95510,4.0,1452223496
6082,1,3.5,1330120713
6095,1,4.0,942175698
6096,1,0.5,1438025182
6097,1,4.0,938657834
6101,1,5.0,848902239
6102,1,3.0,1172087371
6103,1,4.0,976285594
6110,1,3.0,976232941
6120,1,4.0,866663623
6123,1,5.0,1392416018
6127,1,3.5,1263407278
6132,1,4.5,1285180637
6133,1,4.5,1423255978
6138,1,4.5,1289095499
6143,1,5.0,1429404325
6146,1,5.0,830971459
6149,1,5.0,861635270
6150,1,3.5,1321565791
6155,1,4.5,1436445975
6155,95510,3.0,1436446981
6157,1,3.0,1444045008
6157,95510,1.5,1444047245
6157,122886,3.5,1450710199
6165,1,5.0,1042947006
6167,1,4.0,1111505011
6169,1,4.0,996604709
6175,1,3.5,1122395968
6178,1,4.0,938543388
6180,1,5.0,974924081
6181,1,4.0,858546017
6185,1,3.0,1162259219
6189,1,4.0,985948832
6190,95510,2.0,1443389565
6195,1,3.0,868637021
6197,1,5.0,848513617
6198,1,4.0,1442954343
6199,1,4.5,1331313481
6199,95510,3.0,1357502549
6199,122886,4.0,1450966444
6201,1,4.0,852916590
6207,1,3.5,1230019553
6208,1,3.0,851950428
6217,1,3.0,1359507354
6220,1,4.5,1190188864
6223,1,5.0,944147182
6231,1,4.0,833467668
6232,1,4.0,945230598
6237,1,4.0,1264626515
6241,122886,4.5,1452208678
6242,1,5.0,874568891
6247,1,4.5,1287971566
6251,1,4.5,1092491063
6259,1,5.0,1042654831
6260,1,4.0,1267307101
6262,1,3.0,1169475702
6266,102716,1.5,1383499562
6268,1,4.0,1431543876
6268,122886,4.0,1452370597
6272,1,5.0,945269338
6280,1,3.0,833735698
6281,1,1.0,1426959855
6281,95510,3.0,1426961385
6282,1,5.0,825001664
6286,1,4.0,953439701
6287,1,4.5,1421129886
6289,1,5.0,962736646
6292,1,5.0,832867672
6297,1,3.0,886895076
6302,1,4.0,1115522788
6308,1,4.5,1410653291
6311,1,4.0,856429348
6315,1,0.5,1424984733
6324,1,5.0,1248244349
6326,1,3.0,850066078
6327,1,4.0,831726711
6335,1,4.0,858115764
6336,1,4.0,1013486358
6340,1,4.0,833088012
6341,1,5.0,864134018
6344,1,5.0,1162941171
6349,1,3.5,1439800349
6352,1,5.0,854480607
6355,1,3.5,1167859763
6359,1,4.0,965336888
6364,1,4.0,940009797
6366,1,2.0,1155221920
6367,1,5.0,1007571345
6368,1,2.5,1282207456
6381,1,4.5,1308608506
6390,1,4.0,1218335151
6391,1,5.0,847266710
6400,1,3.0,866134807
6402,122886,5.0,1451441491
6406,1,4.0,850393791
6407,1,1.0,862657176
6409,1,3.0,853877746
6411,1,4.0,883842190
6412,1,4.0,852793514
6414,1,2.0,829238001
6416,1,3.0,1439787213
6420,1,4.0,981021536
6430,1,3.0,868206686
6431,1,4.0,992968112
6432,1,3.0,834400249
6435,1,5.0,945171139
6438,1,4.0,1306880028
6439,95510,2.0,1352518384
6439,122886,4.5,1452455705
6442,1,5.0,849157378
6445,1,3.0,1170461926
6449,1,5.0,1091563446
6450,1,5.0,1424252517
6454,1,3.0,835545381
6463,1,5.0,962740944
6464,1,4.0,860589326
6473,1,3.0,850938390
6477,1,5.0,834666696
6481,1,2.5,1122775160
6482,1,5.0,979057231
6483,1,3.5,1368881641
6485,1,4.0,1440321333
6489,1,3.0,835607991
6491,1,5.0,856654683
6496,1,3.5,1265008165
6503,1,3.5,1130968641
6504,1,3.0,1192519514
6506,1,4.0,1352440419
6513,1,3.0,957832873
6515,1,3.0,1146225642
6517,1,3.0,861283658
6521,1,5.0,854350229
6526,1,4.0,863112647
6527,1,4.5,1381598970
6527,95510,4.0,1408806943
6530,1,3.5,1422067453
6530,95510,4.0,1421960406
6530,102716,2.5,1423912138
6536,1,4.0,850197981
6542,1,3.5,1433257826
6546,1,5.0,1337177303
6553,1,5.0,956596152
6564,1,4.0,857796513
6567,1,3.0,1433162380
6567,95510,4.5,1433186310
6569,1,4.0,1287501900
6569,95510,3.0,1398777600
6569,120799,2.5,1436401899
6570,1,4.0,913061512
6573,1,5.0,1438710378
6581,1,3.0,1260676578
6582,1,3.5,1314583863
6590,1,2.5,1058215618
6595,1,5.0,859064280
6599,1,5.0,857980026
6601,1,4.0,1439319310
6601,122886,4.0,1450555037
6604,1,5.0,849182009
6606,1,5.0,877196125
6609,1,4.0,862670514
6617,1,3.5,1107645607
6621,1,4.0,862476271
6625,1,5.0,852143528
6633,1,4.0,1073600206
6640,1,4.0,1422451867
6640,102716,2.5,1432644275
6644,1,5.0,938745318
6647,1,4.0,1241474377
6648,1,4.0,880371293
6651,1,3.0,831921687
6660,1,5.0,986257911
6667,1,3.0,831827835
6674,1,3.0,946276020
6684,1,4.0,1382013291
6687,1,4.0,1288186345
6689,1,4.0,1173243793
6698,1,4.0,846221137
6701,1,4.0,1452828360
6701,120799,2.0,1453091140
6709,1,3.0,1349578599
6718,1,4.0,832321764
6720,1,4.0,850311616
6722,122886,3.5,1452376821
6726,1,3.0,1113212293
6727,1,4.0,1112646471
6728,1,4.5,1083851423
6735,1,5.0,856127030
6738,1,3.5,1304235813
6741,120799,5.0,1451420046
6744,1,3.0,850141694
6746,1,4.0,1115356425
6748,1,4.0,869156748
6750,1,4.0,1320326394
6760,95510,3.5,1446317625
6763,1,4.0,1448997313
6766,95510,4.0,1432188709
6766,102716,5.0,1432333009
6772,1,3.5,1217419629
6781,1,5.0,864823394
6782,1,4.0,944901161
6791,1,4.5,1121059721
6793,1,4.0,1426691000
6794,1,5.0,1314882518
6802,1,4.0,1129287859
6802,95510,4.0,1411315676
6803,1,5.0,849908838
6806,1,5.0,852327472
6816,1,4.0,833895480
6820,1,2.0,1441514354
6829,1,5.0,832241196
6830,1,5.0,849843495
6831,1,4.0,853253637
6832,1,4.0,869636140
6838,1,4.5,1064434659
6843,1,4.0,851797710
6866,1,3.0,1116353945
6870,1,4.0,863860321
6877,1,5.0,869446163
6878,1,4.0,1100384878
6879,1,4.0,940421527
6884,1,4.0,1115828168
6887,1,4.0,1444766414
6891,1,5.0,1373052390
6896,1,5.0,1241477467
6906,1,4.0,1405221914
6911,1,1.5,1439886726
6915,1,5.0,866387229
6918,1,4.5,1266853401
6926,1,3.5,1439862503
6927,1,4.5,1113330088
6934,1,3.5,1067023638
6935,1,2.0,855152076
6936,1,4.0,901641692
6944,1,2.5,1197250121
6952,1,5.0,1192206355
6955,1,3.0,852020618
6962,1,4.0,847142667
6977,1,5.0,854379567
6978,1,3.5,1355088139
6991,1,4.0,849841124
7010,1,4.5,1432977291
7013,1,5.0,853523710
7014,120799,2.5,1439372178
7019,1,3.0,924733311
7020,1,4.0,833217149
7025,1,5.0,1001283592
7027,1,3.0,976635634
7033,1,4.0,853801363
7034,1,4.0,1111482512
7037,1,5.0,1444025853
7037,122886,4.5,1453535097
7038,95510,4.0,1353167315
7040,1,5.0,1056388989
7045,1,5.0,849121277
7052,1,5.0,1433013979
7066,1,3.0,939047812
7068,1,5.0,960183958
7073,1,4.0,835709619
7074,1,3.5,1426297656
7074,95510,4.5,1426297727
7084,1,4.0,835723302
7086,1,3.5,1264355687
7089,1,3.5,1301635308
7090,1,5.0,1231244084
7096,1,4.0,859814052
7100,1,4.0,848113008
7101,1,5.0,836266164
7103,1,4.0,1444688834
7106,1,4.0,879170921
7107,1,5.0,862800491
7108,122886,2.5,1448040092
7114,1,3.0,832860438
7116,1,4.0,1426916279
7123,1,4.5,1289793672
7132,1,3.5,1447725442
7133,1,3.5,1240923496
7135,1,4.0,1115354108
7141,1,3.5,1172693872
7153,1,4.0,1116021203
7154,1,3.0,1378309944
7154,95510,4.0,1378306344
7155,1,1.0,866108962
7161,1,4.5,1352703834
7164,1,5.0,944919057
7165,1,2.5,1343389350
7166,1,3.5,1424934752
7168,1,2.5,1439916436
7168,122886,3.5,1451125815
7172,1,5.0,1002138849
7174,1,4.0,1349310016
7175,1,2.0,832773256
7177,1,4.0,835490428
7200,1,5.0,847138168
7205,1,4.5,1359666438
7206,1,4.5,1167221538
7207,1,3.0,1043949725
7209,1,4.0,834646618
7212,1,5.0,829012220
7214,1,2.5,1440527348
7217,1,3.5,1172074755
7220,1,4.5,1180013189
7220,95510,3.5,1357238188
7224,1,1.0,1043207018
7231,1,4.0,854738338
7235,1,2.5,1263409033
7242,1,4.0,857497874
7243,1,3.0,1233615869
7244,1,3.5,1113404039
7249,1,1.0,1005535972
7254,1,4.0,1225400943
7256,1,3.0,1447101353
7260,1,4.0,848493852
7262,1,4.0,855654976
7267,1,3.0,862693081
7268,1,4.0,1089082675
7270,1,3.0,851420852
7276,1,5.0,987206937
7278,120799,3.0,1446996006
7278,122886,3.5,1450571823
7283,1,3.0,857829766
7291,1,0.5,1443228246
7292,1,3.5,1330909467
7298,1,4.5,1122495905
7301,1,3.5,1439233798
7311,1,3.0,1441188043
7315,95510,2.0,1420137690
7325,1,5.0,859452785
7326,1,3.0,855175714
7332,1,5.0,1447939257
7342,1,4.0,1130946329
7345,1,4.0,1080600335
7354,1,4.0,1002077143
7364,1,5.0,856629771
7376,1,4.0,940416552
7377,1,3.0,1201535795
7380,1,3.0,860097207
7383,1,4.5,1359031825
7388,1,3.0,1187545847
7389,1,5.0,913756465
7395,1,5.0,1159947796
7401,1,3.0,857312804
7403,1,4.0,1179853813
7403,95510,3.5,1356976592
7410,1,5.0,828453013
7414,1,2.0,834560272
7420,1,4.0,1323990664
7421,1,4.0,859554645
7422,1,4.0,946524607
7430,1,3.5,1107269842
7431,1,0.5,1452136649
7432,1,2.0,967685070
7434,1,4.0,907941457
7437,1,3.5,1111859356
7440,120799,1.0,1447537633
7440,122886,2.5,1450907224
7441,1,4.5,1323353205
7442,1,3.0,901218174
7449,1,5.0,832529281
7457,1,4.5,1448672728
7466,1,5.0,856386639
7475,1,5.0,987454416
7476,1,4.0,949545811
7478,1,5.0,865525292
7482,1,5.0,1428354807
7483,1,4.5,1453034865
7484,1,4.0,862645143
7495,1,1.0,853576148
7496,1,4.0,1216669227
7497,1,4.0,940005089
7501,1,0.5,1439771703
7502,1,5.0,832767039
7507,1,5.0,847345310
7508,1,3.5,1128572909
7512,1,2.5,1433693720
7512,95510,3.5,1433697013
7515,1,5.0,992280138
7519,1,5.0,848664972
7521,1,4.0,1175178322
7524,1,4.0,855223449
7528,1,4.0,1155782362
7528,95510,4.0,1354600817
7528,102716,3.0,1377407860
7529,1,5.0,1419434162
7533,1,5.0,1442867841
7546,1,4.0,857981900
7548,1,4.0,1049417549
7552,1,3.0,855756897
7554,1,4.0,862075377
7555,1,5.0,834472468
7556,1,5.0,1425854151
7562,1,3.5,1224306323
7564,1,3.0,852752467
7565,1,5.0,852675866
7566,1,5.0,1441377299
7568,1,4.0,1051164667
7573,1,4.0,835182766
7575,1,4.5,1120782587
7578,1,4.5,1446056929
7583,1,4.0,1434770130
7586,1,3.0,851253441
7594,1,0.5,1428874576
7595,1,2.0,1437698292
7598,1,3.5,1220732427
7603,1,3.5,1431465875
7606,1,3.0,1179250046
7609,1,4.5,1424998478
7611,1,4.0,946786943
7613,1,4.5,1157938553
7615,1,4.5,1452806974
7615,122886,5.0,1452806733
7618,1,5.0,914975901
7629,1,4.0,859873375
7632,1,4.5,1252377710
7633,1,3.0,854727079
7635,1,4.0,867701506
7641,1,3.0,1016830518
7642,1,3.0,963802631
7644,1,5.0,833553635
7646,1,3.5,1195730122
7648,1,5.0,991679840
7660,1,3.5,1434295771
7662,1,4.0,1440435439
7666,1,4.0,833223667
7671,1,2.5,1164678920
7673,1,4.0,1201798489
7674,1,2.0,1439777006
7679,1,5.0,849270083
7684,1,5.0,938742292
7694,1,4.5,1133445870
7696,1,3.5,1334809267
7697,1,5.0,1116255924
7699,1,3.0,854356872
7700,1,2.0,860635121
7708,1,3.0,846653943
7711,1,4.5,1447978329
7713,1,5.0,1197067279
7715,1,5.0,831677510
7719,1,3.5,1259732192
7721,1,4.0,1083114226
7723,1,5.0,1070745278
7728,1,4.0,973262564
7729,1,3.0,1439758866
7731,1,4.0,862233269
7733,1,3.0,864754058
7734,1,4.0,915485666
7736,1,2.0,1439673313
7736,95510,2.0,1439821110
7743,1,4.0,1432979694
7744,1,3.0,1445636090
7746,1,4.0,863356995
7748,1,5.0,849555641
7749,1,4.0,952472982
7750,1,1.5,1225270692
7754,1,4.0,851402837
7757,1,3.0,1095495732
7759,1,4.0,854100917
7764,1,5.0,850241836
7771,1,4.0,1120080282
7774,1,4.0,831809262
7784,1,2.5,1445045593
7784,122886,3.0,1451529012
7789,1,3.0,884450303
7794,1,2.5,1386911378
7797,1,3.5,1300433064
7801,1,3.0,1437605013
7807,1,4.0,1222644216
7809,1,5.0,853423597
7810,1,4.0,1343802031
7811,1,3.0,832078803
7815,1,3.0,859123007
7819,1,5.0,1438051313
7821,1,3.0,862795405
7822,1,4.0,1294521028
7829,1,4.5,1111392601
7831,1,5.0,850995148
7833,1,3.0,1112414432
7835,1,4.0,1052002853
7838,1,4.0,999475938
7841,1,5.0,979623899
7855,1,3.0,874606290
7856,1,4.0,869290295
7871,1,4.0,880652086
7873,1,3.5,1073274468
7879,1,3.0,974944939
7882,1,2.0,1225251312
7890,1,4.0,942826536
7900,1,3.0,869083830
7904,1,4.0,850139294
7906,1,4.0,853531425
7909,1,3.5,1449067275
7912,1,5.0,1183040067
7914,1,4.5,1356988869
7915,1,4.0,1313800247
7916,1,5.0,834392990
7917,1,5.0,993265572
7924,1,3.0,851408510
7929,1,5.0,1225260597
7932,1,4.0,950361051
7935,1,3.0,830176953
7943,1,5.0,869230999
7944,1,4.5,1446849999
7947,1,3.0,1095024553
7951,1,3.0,965443631
7960,1,5.0,1200075841
7964,1,1.0,1248131438
7968,1,4.0,1111497301
7970,1,4.0,867960178
7972,1,4.0,1297471637
7975,1,2.0,1443664032
7975,102716,2.5,1443685033
7982,122886,4.0,1451758106
7984,1,2.0,933035002
7988,1,3.0,998617278
7992,1,0.5,1430885055
7996,1,5.0,1036638180
7997,1,5.0,1280959002
8008,1,5.0,1089314765
8008,95510,3.5,1357707581
8017,1,4.0,1128208132
8018,1,3.0,830865558
8019,1,4.5,1066162205
8021,1,4.0,859802801
8024,1,3.0,863015579
8030,122886,3.0,1450881994
8035,1,5.0,833104837
8036,1,4.0,1240076752
8039,1,4.0,1431747237
8048,1,5.0,938814192
8051,1,3.5,1111736163
8054,1,4.5,1375627550
8056,1,4.0,874349542
8057,1,3.0,850710257
8059,1,3.5,1053642332
8062,1,5.0,832078036
8068,1,4.0,947815934
8074,1,4.0,1167110395
8078,1,1.0,848542899
8080,1,4.0,849730500
8081,1,5.0,1359250206
8081,95510,3.0,1359253507
8086,1,3.0,1280478691
8089,1,3.0,860101235
8091,1,4.0,1020118545
8094,1,3.0,938737049
8100,1,4.0,975115098
8103,1,3.0,859044089
8105,1,3.0,938889613
8108,1,4.5,1421870001
8110,1,1.0,1001429993
8111,1,4.5,1200745574
8122,1,1.0,861097879
8127,1,4.0,1439778721
8130,1,5.0,1344842519
8132,1,4.0,850227742
8137,1,1.0,1437936072
8141,122886,5.0,1453600953
8142,1,4.0,1449100014
8148,1,3.0,847380087
8154,1,5.0,1352759335
8157,1,4.0,1435780076
8161,1,3.5,1128613469
8170,1,3.0,1006812540
8171,1,3.5,1091207426
8172,1,3.0,835226407
8174,1,3.0,1248059065
8175,1,4.0,1284683409
8190,1,3.0,1292181856
8190,95510,1.0,1353792124
8208,1,4.0,860512546
8209,122886,4.5,1453069370
8211,1,5.0,1393341648
8213,1,3.0,1086768411
8215,1,5.0,1435829135
8216,1,4.0,1183620713
8217,1,3.0,974777733
8218,1,5.0,902955578
8222,1,3.0,852904633
8224,1,3.0,865287270
8230,1,1.5,1111478407
8232,1,2.0,1002585540
8238,1,3.0,965155368
8241,1,4.0,851343986
8243,1,5.0,847464109
8245,1,3.0,966908940
8253,1,4.0,1103300445
8258,1,4.0,974751200
8259,1,5.0,1075815883
8264,1,5.0,1293785870
8268,1,3.0,854390797
8270,1,5.0,1134475984
8272,1,5.0,976671645
8285,1,5.0,957837181
8287,1,3.0,1117557197
8288,1,2.0,1160433491
8291,1,2.0,1431385223
8293,1,3.0,1213122346
8296,1,3.0,1420856648
8300,1,3.0,1383336144
8303,1,1.0,1229616948
8303,95510,2.0,1373350610
8303,122886,4.0,1451337016
8306,1,4.0,857211344
8308,102716,3.0,1443468141
8311,1,3.0,1432100307
8316,1,3.0,1216241048
8325,1,4.0,1223859226
8327,1,3.5,1265437174
8330,1,4.0,1136404342
8333,1,4.0,855327839
8335,1,4.0,1025125260
8337,1,5.0,832359755
8338,95510,3.0,1447630895
8339,1,1.5,1442960736
8342,1,4.0,944933938
8347,1,4.5,1356629701
8348,1,5.0,1443037126
8355,1,5.0,1141138346
8362,1,5.0,1432077975
8363,1,3.0,939147543
8368,1,3.0,1402504474
8375,1,4.0,832454008
8376,1,3.5,1232518284
8378,122886,4.5,1452910046
8379,1,4.5,1416503390
8379,122886,3.5,1452011004
8382,1,4.0,1240558333
8386,1,5.0,1385783256
8392,95510,4.0,1407878862
8392,102716,5.0,1407879181
8394,1,3.5,1443961186
8394,95510,4.5,1443962362
8394,122886,5.0,1452361892
8397,1,4.0,1076280370
8398,1,4.5,1125873156
8400,1,3.0,857153810
8405,1,5.0,974959121
8409,1,5.0,945833657
8414,1,3.5,1437787376
8420,1,4.0,956582296
8428,1,4.5,1225251808
8429,1,2.0,1118889622
8438,1,4.0,860851763
8441,1,3.0,1121398439
8445,1,4.0,1218736738
8449,1,4.0,867481407
8453,1,3.5,1441633411
8459,1,4.0,1019840450
8464,1,3.0,857404514
8472,1,4.0,973023149
8477,1,4.0,981918708
8479,1,3.5,1192193378
8481,1,5.0,938749304
8485,1,4.0,846508905
8486,1,4.0,868120752
8491,1,5.0,1043578819
8494,1,4.0,1382396013
8496,1,4.0,854526969
8509,1,4.0,1219514687
8514,1,2.0,1287098466
8518,122886,5.0,1453590543
8519,1,4.5,1375228465
8524,1,5.0,1304297957
8526,1,4.5,1292572081
8528,1,5.0,1434015086
8528,95510,2.5,1432322711
8528,122886,5.0,1450688136
8529,1,2.0,1446710279
8541,95510,2.5,1450762509
8543,1,2.5,1232963274
8558,1,4.0,1142013351
8559,1,3.5,1375420377
8559,95510,4.0,1375421594
8561,1,4.0,1452043487
8561,95510,3.5,1452044856
8562,1,4.0,1081574330
8570,1,4.0,861625908
8572,1,4.0,1085878633
8573,1,4.0,972110302
8576,1,3.0,853665609
8583,1,3.0,849782925
8584,1,4.5,1182992629
8587,1,3.5,1190912810
8592,1,4.5,1143605566
8598,1,5.0,846848388
8601,1,2.0,862603330
8613,1,4.0,1301308932
8613,95510,3.0,1347946541
8617,1,5.0,980923215
8618,1,3.0,864907799
8621,1,2.5,1189981197
8625,1,2.0,889040332
8626,1,2.5,1271681629
8630,1,2.5,1434912785
8631,1,4.5,1287660436
8635,1,5.0,846589766
8638,1,4.5,1090315317
8642,1,3.0,850700187
8645,120799,2.5,1446197677
8646,1,4.0,832603166
8654,1,4.5,1055117352
8656,1,4.0,1437310898
8660,1,5.0,948097861
8675,1,3.5,1063534536
8679,1,3.5,1144793827
8684,1,3.0,964200622
8685,122886,2.0,1453717599
8686,1,5.0,952892728
8687,1,5.0,999757091
8697,1,3.0,981478575
8700,1,5.0,956812867
8701,1,2.0,835111807
8707,1,3.0,964328057
8712,1,4.5,1351712413
8713,1,3.0,831909543
8714,1,3.0,1128725137
8716,1,5.0,1437302480
8717,1,4.5,1166399886
8719,102716,1.0,1452063381
8722,1,5.0,1044565678
8724,1,3.0,940082624
8730,1,3.5,1236132004
8756,1,3.0,961700600
8758,1,3.0,1153784333
8759,1,5.0,834499794
8770,1,4.0,834069583
8771,1,4.0,1233531302
8772,1,1.0,955121632
8773,1,4.5,1356958989
8774,1,4.5,1074384878
8779,1,5.0,847896127
8784,1,4.0,835773383
8786,1,3.0,1388596228
8791,1,4.0,1318693685
8793,1,4.0,1167699122
8794,1,4.0,1159244314
8801,1,3.0,1163718205
8805,1,4.0,913751508
8806,1,2.0,1424934367
8815,1,4.0,851401742
8820,1,4.0,1276638822
8820,122886,2.5,1451081293
8824,120799,4.0,1451495867
8824,122886,4.5,1451495699
8844,1,5.0,830086921
8848,1,2.5,1322276103
8851,1,4.0,1440298688
8854,1,4.0,1225240308
8860,1,5.0,860612140
8863,1,3.0,1011791413
8863,95510,4.0,1353870232
8863,120799,3.5,1445197045
8863,122886,4.5,1451683658
8864,1,4.0,1075122831
8866,1,4.0,985764004
8867,1,4.0,1002125702
8869,1,4.0,859401405
8872,1,2.0,1280839570
8884,1,3.0,938781633
8891,1,2.0,1257781089
8891,122886,3.0,1453660214
8894,1,4.0,834340907
8898,1,4.5,1170048829
8902,1,3.5,1154294229
8903,1,5.0,848773011
8904,1,4.5,1109813028
8909,1,4.5,1232684279
8909,122886,3.0,1451157690
8910,1,4.0,1453080485
8910,95510,4.0,1453079378
8910,122886,5.0,1453079477
8911,1,3.5,1116033191
8916,1,3.0,888089200
8925,1,3.0,856583130
8928,1,5.0,1440384228
8929,1,5.0,847354722
8932,1,4.0,993528086
8938,1,5.0,864399951
8944,1,5.0,868973975
8945,1,4.0,893619484
8956,1,4.0,1189088895
8960,1,4.0,1293153844
8964,1,5.0,1430370359
8964,95510,5.0,1430369424
8966,1,5.0,850142245
8972,1,3.0,1449583330
8981,1,4.0,847792858
8984,1,2.0,1212356794
8989,1,3.0,857988364
8994,1,4.0,1379642733
8996,1,3.5,1314906306
9003,1,5.0,1403825381
9003,95510,1.0,1402143065
9003,122886,3.5,1451185864
9008,1,3.5,1225407687
9012,1,0.5,1446041049
9012,95510,0.5,1446041049
9012,102716,1.0,1449778763
9012,120799,0.5,1446389280
9016,1,3.5,1154166091
9021,1,4.0,975539400
9025,1,3.5,1174381008
9028,1,3.0,945191002
9030,1,2.0,1339039113
9030,95510,2.5,1400631588
9030,122886,3.0,1445108807
9033,1,5.0,968256093
9035,1,4.0,1275602952
9036,1,5.0,1008688272
9040,1,3.0,1017814871
9041,1,5.0,849287580
9047,1,4.0,1303246715
9048,1,5.0,881356258
9051,1,3.0,1286144260
9056,1,4.0,939935440
9061,1,4.5,1169839619
9071,1,3.5,1160275723
9072,1,5.0,866982511
9084,1,4.5,1153431184
9085,1,4.0,975646419
9088,1,5.0,833474425
9093,1,3.0,1356630327
9093,95510,3.0,1359773933
9100,1,5.0,879672378
9101,1,4.0,1356833614
9101,95510,3.0,1420170298
9101,102716,3.5,1403758234
9101,120799,3.5,1452576599
9101,122886,3.5,1452575103
9106,1,0.5,1446790905
9112,1,5.0,1437232758
9112,95510,4.0,1437233492
9115,1,3.0,850601308
9116,1,3.0,852642177
9118,1,3.5,1333607453
9120,1,4.0,853846320
9121,1,3.0,832226924
9129,1,3.0,832631862
9133,1,3.5,1246949470
9134,1,4.0,850200807
9137,1,5.0,862691429
9141,1,4.0,1218144140
9144,1,5.0,832748148
9145,1,3.0,1059574861
9146,1,4.0,1381945410
9159,1,2.0,974590060
9165,1,3.0,832772057
9167,1,3.0,891347894
9168,1,4.0,857371457
9178,1,3.0,1444030618
9182,1,3.0,1298264336
9186,1,5.0,974762495
9194,1,5.0,1123077709
9206,1,4.0,1272297936
9212,1,4.0,1186333245
9214,1,3.5,1426663962
9214,95510,0.5,1425854195
9216,1,4.0,851059800
9219,1,5.0,950766192
9222,1,4.0,1307224393
9222,95510,5.0,1342369292
9226,1,4.0,1372470618
9228,1,4.0,1236715340
9230,1,4.0,862513967
9231,122886,5.0,1452544300
9235,1,2.0,862746379
9239,1,4.0,1179654852
9240,1,4.0,1104540528
9249,1,4.0,847717765
9250,1,2.0,1180813927
9252,1,2.0,865883041
9261,1,3.5,1369516634
9261,95510,4.5,1368349509
9269,1,4.5,1293492238
9270,1,3.5,1154723234
9277,1,4.0,1150638547
9279,1,4.0,845321221
9285,1,4.0,1225295754
9292,1,3.0,1191410794
9294,1,3.5,1389393821
9298,1,5.0,850516461
9300,1,4.5,1439762016
9304,1,3.0,975362713
9309,1,4.0,1040059396
9310,1,1.0,1095651601
9317,1,5.0,901795199
9330,1,5.0,1088571353
9337,1,4.0,864193856
9338,1,3.0,1268784402
9344,1,4.0,1240885918
9345,1,3.0,854561874
9348,1,4.5,1252103659
9351,1,4.0,1122252245
9354,1,4.0,938782147
9358,1,4.0,1075162956
9359,1,4.0,940961441
9365,1,5.0,1446913632
9366,1,3.0,1240379156
9367,1,4.0,980899454
9377,1,3.0,953081406
9378,1,3.0,1171900108
9386,1,3.0,1439795747
9389,1,5.0,1037039776
9395,1,5.0,851104225
9415,1,3.0,864045933
9417,1,3.5,1111793668
9422,1,4.0,857738712
9423,1,4.0,849020958
9425,1,4.0,833448708
9429,1,3.0,974612149
9430,1,4.0,832526152
9431,1,3.0,1409427217
9431,95510,4.0,1409434899
9431,102716,4.0,1409435565
9435,122886,3.5,1451315843
9445,1,4.5,1315676078
9448,1,4.0,1417037113
9451,1,5.0,855417538
9455,1,3.0,857894066
9460,1,4.5,1365193696
9469,1,4.0,1245187926
9471,1,3.0,945396670
9486,1,5.0,944910105
9487,1,4.0,1201367001
9490,1,4.0,865602983
9497,1,3.5,1274903322
9503,122886,3.0,1450558071
9507,1,5.0,1359055294
9511,1,3.0,962592170
9513,1,5.0,853869517
9515,1,4.5,1202776905
9519,1,3.0,862817076
9527,1,3.5,1056986917
9529,1,4.5,1441229359
9530,1,4.0,965159532
9539,102716,4.0,1453541285
9540,1,3.0,852098002
9550,1,4.0,956641849
9552,1,4.0,1445188049
9552,95510,3.0,1445188340
9552,122886,4.0,1446389068
9555,95510,4.0,1348411573
9560,1,3.5,1213317977
9565,1,4.0,835030094
9573,1,4.0,1143981217
9579,1,2.5,1187545185
9583,1,4.0,941649877
9585,1,3.5,1306109796
9585,122886,4.0,1450465111
9589,1,3.0,860722999
9591,1,2.0,861449862
9600,1,4.0,1071509529
9602,1,4.0,1225292859
9609,1,5.0,857307408
9610,1,3.5,1088432903
9618,1,3.0,889888643
9619,1,5.0,835027646
9632,1,4.0,1004474525
9639,1,3.5,1287853350
9641,1,3.0,859669960
9643,1,4.0,1165102644
9645,1,1.0,1443631428
9645,95510,0.5,1443631740
9648,1,5.0,833551944
9653,1,3.0,1131751283
9656,1,4.0,853691487
9658,1,3.5,1271465920
9663,1,4.0,1222951197
9673,1,4.0,957304263
9674,1,4.0,835347438
9688,1,4.0,976295615
9689,122886,4.0,1451200566
9690,1,4.0,835304985
9692,1,4.0,1302630121
9692,95510,4.0,1353961831
9695,1,5.0,850280497
9702,1,5.0,1441983138
9710,1,3.5,1348940077
9717,1,4.5,1102544280
9721,1,3.5,1089834542
9722,1,5.0,1268965546
9723,1,4.0,1379771836
9723,95510,3.0,1379771506
9724,1,3.0,869510198
9727,1,5.0,1044501396
9733,1,3.0,924157791
9733,95510,3.0,1348014165
9739,1,3.0,855946441
9740,1,4.0,830190864
9749,1,3.0,1182619234
9750,1,4.0,897936180
9751,122886,3.0,1453599976
9758,1,4.0,1175598973
9760,1,4.0,1225343065
9761,1,5.0,859846844
9764,1,3.0,1229619665
9767,1,3.0,865435793
9777,1,4.0,983510791
9781,95510,4.0,1343567108
9783,1,4.5,1439819064
9790,1,4.0,854368707
9792,1,3.5,1111476629
9795,1,4.0,1280733877
9795,95510,3.5,1385376107
9796,1,4.0,1280310663
9797,1,4.0,1048092664
9797,122886,3.0,1451441149
9798,1,5.0,1402767358
9804,1,3.0,945476344
9810,1,3.0,847455932
9812,1,4.0,865812947
9818,1,3.5,1277425735
9820,1,3.0,1020970144
9823,1,4.0,1003002078
9824,1,4.0,848991789
9825,95510,4.0,1361460859
9828,1,3.0,962078887
9833,1,3.0,965829567
9834,1,4.0,979348328
9838,1,2.0,974602476
9841,102716,3.5,1453632736
9847,1,5.0,894104495
9858,1,4.5,1291253260
9862,1,4.0,1223609649
9869,1,3.0,861820376
9871,95510,4.0,1352580301
9880,1,3.0,1437527346
9880,95510,2.5,1446682082
9880,122886,1.5,1453757057
9888,1,4.0,1294984411
9896,1,4.0,957484883
9902,1,5.0,1185291973
9904,1,0.5,1444899455
9905,1,3.0,862415363
9908,1,2.0,1195774381
9912,1,3.5,1139861758
9913,1,4.5,1337188285
9915,1,5.0,1440052423
9920,1,3.0,835296480
9926,1,5.0,975605122
9928,1,4.0,1219185411
9929,1,4.0,967955025
9929,95510,3.0,1345369495
9929,122886,4.5,1451981787
9930,1,3.0,865650379
9944,1,4.0,974749555
9948,1,5.0,978102970
9951,1,3.0,860790155
9955,1,4.5,1111594721
9956,1,4.0,1240315829
9959,1,4.0,1049143735
9962,1,4.0,851598060
9970,1,4.0,1285582667
9970,95510,3.0,1369336020
9971,1,3.0,860337096
9982,1,3.0,1303760851
9987,1,3.5,1381123156
9988,1,5.0,1001693145
9994,1,5.0,1255608683
10008,1,4.0,1190440625
10011,1,5.0,882594934
10012,1,4.0,851637412
10016,1,4.0,859209797
10019,1,4.5,1216418503
10023,1,5.0,832234460
10030,1,3.0,1042371222
10032,1,4.0,851685365
10033,1,5.0,866613436
10034,1,4.0,831602879
10038,1,2.0,1440234046
10040,1,4.0,1041523175
10041,1,5.0,1238203862
10054,95510,4.0,1383680820
10064,1,3.0,1345160421
10066,1,3.0,857766360
10069,95510,4.0,1405081988
10077,1,4.0,879764285
10079,1,3.5,1305618399
10082,1,4.0,1099259024
10086,1,3.0,1089091386
10088,1,4.0,1378774227
10088,95510,4.0,1378330296
10088,122886,4.0,1451845389
10089,1,4.0,1197806911
10095,1,3.0,847902625
10096,1,2.5,1435586363
10097,1,5.0,1372881003
10104,1,5.0,854762590
10106,1,4.0,946765990
10109,1,4.0,1278363777
10117,1,5.0,851959580
10121,1,4.0,864888331
10124,1,3.5,1308113013
10125,1,3.0,1399942068
10128,1,4.0,850198206
10129,1,4.0,1305901184
10131,1,4.0,1163705406
10139,1,1.0,833458315
10143,1,4.0,1372845718
10143,120799,3.0,1445065897
10155,1,3.0,1437885108
10158,1,5.0,1436192988
10159,1,2.5,1175082626
10162,1,4.0,1254272741
10164,1,4.0,846515023
10165,1,5.0,861453769
10168,1,5.0,835276067
10172,1,3.0,914103237
10177,1,4.0,1131224118
10179,1,4.5,1197846858
10181,1,5.0,865842747
10190,1,2.5,1434626053
10192,1,3.5,1107414888
10197,1,4.0,1130500572
10198,1,3.0,834761709
10200,1,5.0,834688307
10202,1,5.0,1421998129
10203,1,4.0,1397068625
10209,95510,2.0,1444353980
10209,102716,3.5,1444354198
10210,1,3.5,1136987512
10211,1,3.5,1447070464
10211,95510,2.5,1446930633
10217,1,4.0,1352658210
10217,95510,3.5,1353456502
10218,1,5.0,966192492
10225,1,4.0,1418174838
10232,1,3.0,863108903
10236,1,4.5,1112749455
10240,1,4.0,854380467
10243,1,5.0,956275670
10245,1,5.0,849000194
10248,1,4.0,1184575839
10249,1,3.0,835184782
10250,1,4.0,850286218
10255,1,5.0,863791233
10256,1,1.0,1444428132
10257,1,4.0,1226543351
10263,1,5.0,1284054966
10264,95510,4.5,1343098324
10269,1,4.0,1196888261
10272,1,5.0,853493798
10273,1,4.0,1136174110
10276,1,4.0,852033846
10277,1,5.0,950500416
10278,1,2.0,1437440290
10282,1,4.0,1311559350
10286,1,5.0,1144512725
10297,1,5.0,863363992
10298,1,5.0,1442130587
10298,95510,2.0,1442216565
10298,102716,5.0,1442136317
10302,1,5.0,834969041
10309,122886,5.0,1453743631
10314,1,4.0,994621232
10315,1,4.0,1006845944
10317,1,4.0,983220572
10319,1,5.0,974697387
10321,1,4.0,1091580384
10324,1,3.0,1042216837
10325,1,3.0,1156296674
10326,1,5.0,852031797
10327,1,5.0,1308103683
10328,1,4.5,1230456907
10339,1,3.0,850252621
10340,1,5.0,1317750550
10341,1,4.0,965178174
10346,1,4.0,1420629234
10353,1,4.0,1002586170
10355,1,3.0,861274101
10356,1,4.5,1093111189
10362,1,3.0,849330822
10363,1,5.0,920494128
10368,1,4.0,1053718262
10369,1,4.0,851188180
10370,95510,3.5,1351329133
10372,1,4.0,1142784026
10375,1,3.0,833646548
10389,1,5.0,834346120
10393,1,4.0,833376655
10398,1,4.0,866100376
10404,1,4.0,868813034
10405,1,2.5,1212108792
10407,1,3.0,1294453007
10410,1,5.0,997095637
10414,1,5.0,1231586073
10417,1,4.0,1119964426
10427,1,3.5,1113793270
10433,1,4.0,850247685
10441,1,3.5,1111611197
10452,1,3.0,1127633959
10453,1,5.0,1225235043
10454,1,5.0,1164510757
10465,1,3.0,1254458396
10468,1,4.0,943780406
10472,95510,5.0,1448140763
10475,1,3.0,1196196431
10477,1,3.0,995815093
10480,1,4.0,959394400
10483,1,5.0,1038922871
10484,1,2.0,1350129709
10484,95510,2.5,1350126579
10485,1,5.0,1007828576
10496,1,4.0,853408949
10500,1,4.0,1106341831
10505,1,4.0,968100869
10509,1,5.0,1354522251
10518,1,3.0,939078709
10528,1,4.0,860701956
10529,1,3.0,1439747557
10530,1,5.0,853940208
10532,1,4.0,1447441059
10532,95510,2.0,1447446627
10535,1,4.0,982965626
10541,1,4.5,1437074657
10546,1,3.0,1281925181
10547,1,5.0,962884935
10558,1,4.0,964323561
10565,1,3.0,1437026522
10565,95510,2.5,1436499295
10572,1,2.5,1451243129
10580,1,3.5,1197174698
10580,95510,4.5,1372050869
10583,1,5.0,945143099
10588,1,5.0,943022943
10592,1,4.0,947084020
10593,122886,2.5,1445799718
10594,1,4.0,847808778
10598,1,4.0,944432919
10604,1,3.0,1194526062
10607,1,3.0,1000527618
10610,122886,5.0,1451774983
10612,1,4.0,852491383
10619,1,4.5,1165830501
10620,1,3.5,1339385563
10631,1,4.0,1001083566
10633,1,4.0,865528018
10640,1,3.0,1119394046
10649,1,4.0,868007082
10659,1,4.5,1272129047
10661,1,5.0,1300424378
10663,1,4.5,1350785924
10665,1,5.0,865757445
10666,1,2.5,1105829127
10671,1,4.0,1092766776
10673,1,4.0,1036892083
10689,1,5.0,1449333534
10694,1,3.0,1038858948
10695,1,3.0,1443658613
10696,1,2.0,867226254
10701,1,3.0,868654563
10704,1,4.0,852020435
10706,1,5.0,1303283308
10707,1,3.0,1220289766
10730,1,2.5,1441215166
10733,1,5.0,833404903
10743,1,3.0,1440432302
10747,1,4.0,855080302
10751,1,4.0,1111555573
10755,1,5.0,1068784792
10758,1,4.0,896747915
10764,1,5.0,846697310
10776,1,3.0,1427541740
10776,120799,5.0,1431118075
10780,1,3.5,1253798843
10784,1,5.0,978019369
10788,1,4.0,868744712
10790,1,5.0,978202760
10791,1,3.0,859216187
10792,1,4.0,1027482336
10795,1,5.0,852478402
10797,1,5.0,828700778
10800,1,5.0,832312463
10805,1,4.0,1059590669
10806,1,5.0,832672992
10808,1,4.5,1244570687
10813,1,3.0,1438820688
10816,1,4.0,847432220
10819,1,3.5,1257648703
10825,1,5.0,1002583371
10826,1,2.0,868259980
10827,1,3.0,1437211773
10831,1,4.0,1435013838
10833,1,3.0,1013588448
10835,1,4.0,1262330141
10838,1,5.0,1315612600
10841,1,4.0,833403651
10844,1,4.0,851003699
10851,1,4.5,1056703152
10852,1,4.0,1283370546
10853,1,3.5,1226448798
10863,1,4.5,1294234869
10865,1,4.0,1259652731
10872,1,3.0,861129909
10876,1,4.0,851630575
10877,1,5.0,835308224
10878,1,5.0,834208980
10879,1,3.0,853615221
10881,95510,1.0,1440308093
10882,1,3.0,1298757630
10884,1,3.0,1297578645
10889,1,4.0,860862195
10891,1,5.0,1140007929
10896,1,3.5,1133136835
10897,1,4.0,952365939
10903,1,4.0,1175654852
10907,1,5.0,1113189480
10909,1,0.5,1167228351
10919,1,4.5,1387757670
10925,1,5.0,906426977
10929,1,2.0,1441897354
10931,1,4.5,1070986173
10933,1,4.0,984703089
10939,1,3.5,1231714833
10941,1,5.0,858498052
10945,1,4.0,1142004144
10946,1,4.0,852139079
10957,1,3.5,1076886040
10964,1,4.0,832577643
10965,1,5.0,1289889991
10968,1,5.0,975137937
10969,1,5.0,967129305
10970,1,3.0,859877242
10972,1,5.0,996090114
10975,1,5.0,948569498
10983,1,3.5,1202842389
10985,1,3.0,855677083
10986,1,4.0,1439927379
10988,122886,1.5,1454042643
10991,1,5.0,880886409
10992,1,5.0,847280453
10996,1,3.0,1446907114
10996,95510,1.0,1446860784
10998,1,4.0,1083375671
11013,1,4.0,857240497
11016,1,4.0,965521847
11026,1,5.0,961095758
11029,1,4.0,1002150088
11030,1,4.0,1221308864
11033,1,1.0,941377776
11035,1,4.0,1436441967
11036,1,4.0,1115340947
11037,1,5.0,855854338
11038,1,2.5,1139605671
11040,1,3.0,1216050207
11040,95510,3.0,1345588350
11043,1,4.0,1002417288
11045,1,4.0,848615018
11056,1,2.0,1215630630
11058,1,4.0,857247729
11066,1,5.0,1112121522
11076,1,2.5,1166388026
11078,1,1.0,963416113
11079,1,5.0,1258064803
11083,1,5.0,978454192
11088,1,3.0,1411809279
11091,1,4.0,861700406
11093,1,4.0,1125266109
11098,1,3.0,1248474101
11101,1,3.0,850982761
11104,1,3.0,933108004
11115,1,4.0,1246901457
11118,1,4.5,1306726411
11120,1,4.0,1006568865
11121,1,1.0,1445465173
11121,122886,0.5,1445466124
11124,1,4.0,907430584
11132,1,3.5,1374685152
11135,1,4.0,940791383
11142,1,3.0,1309067169
11149,1,4.5,1226446944
11150,1,4.0,1419999810
11157,1,4.5,1300574181
11159,1,3.0,867927782
11162,1,4.0,1040442572
11164,1,4.0,942707303
11165,1,4.0,1412101913
11168,1,4.0,1374968147
11169,1,5.0,859485458
11174,1,4.0,939915115
11180,1,3.0,1435228313
11180,102716,2.5,1435226254
11182,1,3.0,1085426394
11191,1,4.0,853777997
11192,1,4.0,860139019
11193,1,5.0,850053914
11196,1,4.0,833997867
11200,1,4.5,1198299116
11207,1,3.5,1111552891
11209,1,3.0,1223492996
11211,1,4.0,954744811
11227,1,4.5,1140926165
11234,1,4.0,834082824
11235,1,5.0,938912326
11236,1,5.0,849022737
11246,1,3.5,1110174547
11250,102716,3.0,1402653281
11252,1,4.0,930431427
11255,1,4.5,1136016820
11256,120799,3.5,1446717702
11269,1,2.5,1118669534
11272,1,4.0,999635085
11281,1,3.0,1047365014
11284,1,5.0,899904361
11286,1,4.0,1130628333
11296,1,2.0,1439993932
11299,1,4.0,946150781
11300,1,1.0,1147099991
11311,1,5.0,856595183
11314,1,4.0,1157668616
11325,1,5.0,1016838287
11329,1,4.0,1430815616
